{
    "recall": 0.5964523281596452,
    "precision": 0.5964523281596452,
    "fscore": 0.5964523281596452
}