{
    "recall": 0.623059866962306,
    "fscore": 0.623059866962306,
    "precision": 0.623059866962306
}